col,media,desviacion
year,2009.9248617143705,8.873868492919057
#crashes,273.1632267388002,296.5968551885754
poverty,13.103727720754437,1.5619439497213565
